Story ID,Title,As a,I want,So that,Acceptance Criteria,Preconditions,Postconditions,Action Buttons,Priority,Story Points
US-LOG-001,Log Transaction Creation,System Administrator,"to automatically log each transaction creation (insert) with transaction ID, name, user ID, timestamp, and channel",there is a complete audit trail of when and by whom each transaction was created,"1. System logs an entry whenever a new transaction record is inserted in any tracked business table (Purchase Order, Sales Invoice, etc.).\n2. Log entry includes: Transaction ID, Transaction Name, Action Type = 'Insert', User ID, Timestamp, Channel (Web/Mobile App).\n3. Logging does not delay the transaction commit (asynchronous).\n4. Log entries are stored in a separate transaction_logs table.\n5. User ID is captured from the authenticated session.",User is logged in and performs a transaction insert operation via Web or Mobile App.,A record is created in transaction_logs table with all required fields.,"View Transaction Logs, Filter by Date, Export",High,5
US-LOG-002,Log Transaction Update,Auditor,to capture each transaction update action including which user modified the transaction and when,changes to critical transactions are traceable and accountable,"1. System logs an entry whenever an existing transaction record is updated.\n2. Log entry includes: Transaction ID, Transaction Name, Action Type = 'Update', User ID, Timestamp, Channel.\n3. Only the fact of update is logged, not field-level changes (per BRD out of scope).\n4. Multiple updates to same transaction create multiple log entries.\n5. Asynchronous logging ensures no performance impact.","Transaction record exists, user performs update operation.",New record in transaction_logs with Action Type 'Update'.,"View Transaction History, Filter by Transaction ID, Export Audit Trail",High,3
US-LOG-003,Log Approval Workflow Decisions,Compliance Officer,"to log each approval decision (Approve/Reject/Sent Back) with workflow stage, transaction ID, user, and timestamp",the approval history of any transaction can be reviewed for compliance,"1. System logs an entry whenever an approval action is taken in a workflow.\n2. Log entry includes: Transaction ID, Transaction Name, Workflow Name, Stage, Action (Approve/Reject/Send Back), User ID, Timestamp.\n3. Each decision is logged individually, including sequential approvals.\n4. Logs are stored in workflow_approval_logs table.\n5. Decision-level only, no step-by-step system logs (per BRD).","Workflow engine is available, transaction is under approval process.",Approval log record created.,"View Approval History, Filter by Transaction, Filter by Approver",High,5
US-LOG-004,Log Workflow Configuration Changes,System Administrator,to log high-level workflow configuration changes (create/update) with user and timestamp,any unauthorized or incorrect workflow changes can be traced back,"1. System logs an entry whenever a workflow is created or its configuration is updated.\n2. Log entry includes: Workflow Name, Action (Create/Update), User ID, Timestamp.\n3. Only configuration changes are logged, not runtime workflow instances.\n4. Logs are stored in workflow_config_logs table.\n5. Asynchronous logging applies.","Workflow configuration feature exists, user with admin rights modifies workflow.",Configuration log entry created.,"View Config Change Log, Filter by Workflow Name, Export",High,3
US-LOG-005,Log Report Execution and Duration,Business Analyst,"to capture each report execution with report name, user, start time, end time, and calculated duration",I can analyze which reports are used most frequently and identify performance bottlenecks,"1. System logs an entry whenever a user executes a report.\n2. Log entry includes: Report Name, User ID, Start Time, End Time, Duration (system calculated in seconds/milliseconds).\n3. Logging is asynchronous and does not delay report rendering.\n4. Logs are stored in report_logs table.\n5. Duration is automatically calculated as End Time - Start Time.","Report is available, user has permission to run report.",Report log entry created after report execution completes.,"View Report Usage Analytics, Filter by Date Range, Export Performance Data",High,5
US-LOG-006,Implement Asynchronous Logging Framework,System Architect,all logging operations to be processed asynchronously (background queue) without blocking the main transaction thread,system performance remains optimal even under high log volume,"1. Logging API returns immediately without waiting for write to disk/database.\n2. Log entries are queued and written in background process with configurable batch size.\n3. Acceptable delay for log visibility is up to a few minutes (per BRD).\n4. If queue is full, logs are dropped with warning (no impact on main transaction).\n5. Separate database connection pool for logging to avoid contention.",System is running with logging enabled.,Logs eventually appear in respective tables without noticeable performance degradation.,"View Queue Status, Configure Batch Settings, Monitor Logging Health",High,8
US-LOG-007,Create Separate Log Tables with Optimized Indexing,Database Administrator,"logs to be stored in separate tables (transaction_logs, workflow_approval_logs, workflow_config_logs, report_logs) with appropriate indexes for querying",reporting on logs does not impact production transaction tables and queries run efficiently,"1. Log tables are in a separate schema or database from transactional tables.\n2. Each log table has indexes on: Timestamp (for date range queries), User ID, Transaction ID (for transaction logs), Report Name (for report logs).\n3. No foreign keys to transactional tables to avoid locking.\n4. Partitioning by date (monthly) is implemented for archiving.\n5. Indexes are reviewed quarterly for performance.",Database design approved.,"Log tables created with indexes, insert performance meets SLA (under 10ms for queued writes).","Rebuild Indexes, Show Table Sizes, Archive Old Logs",High,5
US-LOG-008,Implement Log Archival and Retention,System Administrator,to automatically archive log data older than 3-6 months to a compressed storage and purge from live system,storage costs are controlled and live log query performance remains fast,"1. Scheduled job runs daily to identify logs older than retention period (configurable, default 6 months).\n2. Old logs are exported to compressed CSV/Parquet files and stored in designated archive location.\n3. After successful archival, purged from live log tables.\n4. Archived logs can be re-imported for compliance audit if needed.\n5. Retention period can be adjusted (3 months, 6 months, 12 months) via configuration.\n6. Archived logs are encrypted at rest.","Archive storage location configured, scheduled job setup.","Live log tables contain only recent logs within retention period, archive files created.","Trigger Archive Now, Restore from Archive, Set Retention Policy, View Archive Status",Medium,5
US-LOG-009,View Unified Audit Trail Dashboard,Auditor,"a dashboard that shows combined audit logs from transactions, workflows, and reports with filtering by date, user, and action type",I can perform comprehensive compliance audits without querying multiple tables manually,"1. Dashboard page with tabs: All Logs, Transaction Logs, Workflow Logs, Report Logs.\n2. Columns: Timestamp, User ID, Action Type (Insert/Update/Approve/Reject/etc.), Entity Type (Transaction/Workflow/Report), Entity ID (Transaction ID/Workflow Name/Report Name), Channel.\n3. Filters: Date Range, User, Action Type, Entity Type.\n4. Search by keyword across log details.\n5. Export filtered results to CSV/Excel.\n6. Pagination and sorting by timestamp descending.",Log tables contain data.,User can view and export logs.,"Apply Filters, Export CSV, Reset Filters, View Details",High,5
US-LOG-010,Validate Performance Impact of Logging,Performance Engineer,"to run load tests that measure transaction response time with and without logging enabled, ensuring degradation is under 5%",business teams are confident that logging does not slow down operations,"1. Load test: 1000 concurrent transactions per minute, measure average response time.\n2. With logging enabled, average response time increase is less than 5% compared to no logging.\n3. Asynchronous queue never exceeds 1000 pending logs under peak load.\n4. No transaction failures due to logging queue overflow.\n5. CPU and memory usage increase for logging process stays within 10% of total.",Test environment with monitoring tools.,"Performance report generated, meets success criteria.","Run Performance Test, View Metrics, Export Report",High,8
